algoritmo	kitdecaptura	preprocesado	muestra	gold_standard	Precision	Recall	Fscore	QueryTpCount	QueryFpCount	QueryTotalCount	TruthTpCount	TruthFnCount	TruthTotalCount	svtype
exomedepth	IDT-V2	bowtie2-picard-gatk3	Réplica 4	general	0.023605150214592276	0.04904831625183016	0.03187164850371908	11	455	466	67	1299	1366	Deletion
exomedepth	IDT-V2	bowtie2-picard-gatk3	Réplica 4	general	0.0	0.0	NaN	0	3	3	0	427	427	Duplication
exomedepth	IDT-V2	bowtie2-picard-gatk3	Réplica 4	pass	0.01072961373390558	0.11462450592885376	0.019622437242032616	5	461	466	29	224	253	Deletion
exomedepth	IDT-V2	bowtie2-picard-gatk3	Réplica 4	pass	0.0	0.0	NaN	0	3	3	0	14	14	Duplication
exomedepth	IDT-V2	bowtie2-picard-gatk3	Réplica 3	general	0.11428571428571428	0.0424597364568082	0.06191619962636776	12	93	105	58	1308	1366	Deletion
exomedepth	IDT-V2	bowtie2-picard-gatk3	Réplica 3	general	0.014084507042253521	0.0234192037470726	0.01759014951627089	1	70	71	10	417	427	Duplication
exomedepth	IDT-V2	bowtie2-picard-gatk3	Réplica 3	pass	0.05714285714285714	0.10276679841897234	0.07344632768361582	6	99	105	26	227	253	Deletion
exomedepth	IDT-V2	bowtie2-picard-gatk3	Réplica 3	pass	0.0	0.0	NaN	0	71	71	0	14	14	Duplication
exomedepth	IDT-V2	bowtie2-samtools-gatk4	Réplica 3	general	0.11650485436893204	0.0424597364568082	0.06223732451041761	12	91	103	58	1308	1366	Deletion
exomedepth	IDT-V2	bowtie2-samtools-gatk4	Réplica 3	general	0.014084507042253521	0.0234192037470726	0.01759014951627089	1	70	71	10	417	427	Duplication
exomedepth	IDT-V2	bowtie2-samtools-gatk4	Réplica 3	pass	0.05825242718446602	0.10276679841897234	0.07435653002859867	6	97	103	26	227	253	Deletion
exomedepth	IDT-V2	bowtie2-samtools-gatk4	Réplica 3	pass	0.0	0.0	NaN	0	71	71	0	14	14	Duplication
exomedepth	IDT-V2	bowtie2-samtools-gatk4	Réplica 4	general	0.020161290322580645	0.013177159590043924	0.01593766601735435	5	243	248	18	1348	1366	Deletion
exomedepth	IDT-V2	bowtie2-samtools-gatk4	Réplica 4	general	0.06666666666666667	0.0234192037470726	0.03466204506065858	1	14	15	10	417	427	Duplication
exomedepth	IDT-V2	bowtie2-samtools-gatk4	Réplica 4	pass	0.012096774193548387	0.023715415019762844	0.016021361815754337	3	245	248	6	247	253	Deletion
exomedepth	IDT-V2	bowtie2-samtools-gatk4	Réplica 4	pass	0.0	0.0	NaN	0	15	15	0	14	14	Duplication
exomedepth	IDT-V2	minimap2-samtools-gatk4	Réplica 3	general	0.1504424778761062	0.0739385065885798	0.09914826043020065	17	96	113	101	1265	1366	Deletion
exomedepth	IDT-V2	minimap2-samtools-gatk4	Réplica 3	general	0.0	0.0	NaN	0	94	94	0	427	427	Duplication
exomedepth	IDT-V2	minimap2-samtools-gatk4	Réplica 3	pass	0.04424778761061947	0.09486166007905138	0.06034699522252955	5	108	113	24	229	253	Deletion
exomedepth	IDT-V2	minimap2-samtools-gatk4	Réplica 3	pass	0.0	0.0	NaN	0	94	94	0	14	14	Duplication
exomedepth	IDT-V2	minimap2-samtools-gatk4	Réplica 4	general	0.04054054054054054	0.050512445095168376	0.044980443285528034	12	284	296	69	1297	1366	Deletion
exomedepth	IDT-V2	minimap2-samtools-gatk4	Réplica 4	general	0.0	0.0	NaN	0	17	17	0	427	427	Duplication
exomedepth	IDT-V2	minimap2-samtools-gatk4	Réplica 4	pass	0.013513513513513514	0.02766798418972332	0.018158236057068743	4	292	296	7	246	253	Deletion
exomedepth	IDT-V2	minimap2-samtools-gatk4	Réplica 4	pass	0.0	0.0	NaN	0	17	17	0	14	14	Duplication
exomedepth	IDT-V1	bowtie2-picard-gatk3	Réplica 1	general	0.12307692307692308	0.06271536871123363	0.08309079495520175	24	171	195	91	1360	1451	Deletion
exomedepth	IDT-V1	bowtie2-picard-gatk3	Réplica 1	general	0.0	0.0	NaN	0	79	79	0	465	465	Duplication
exomedepth	IDT-V1	bowtie2-picard-gatk3	Réplica 1	pass	0.046153846153846156	0.10264900662251655	0.06367682300581994	9	186	195	31	271	302	Deletion
exomedepth	IDT-V1	bowtie2-picard-gatk3	Réplica 1	pass	0.0	0.0	NaN	0	79	79	0	16	16	Duplication
exomedepth	IDT-V1	bowtie2-picard-gatk3	Réplica 2	general	0.13286713286713286	0.06202618883528601	0.08457182422908578	19	124	143	90	1361	1451	Deletion
exomedepth	IDT-V1	bowtie2-picard-gatk3	Réplica 2	general	0.0	0.0	NaN	0	66	66	0	465	465	Duplication
exomedepth	IDT-V1	bowtie2-picard-gatk3	Réplica 2	pass	0.04195804195804196	0.08609271523178808	0.05641952983725136	6	137	143	26	276	302	Deletion
exomedepth	IDT-V1	bowtie2-picard-gatk3	Réplica 2	pass	0.0	0.0	NaN	0	66	66	0	16	16	Duplication
exomedepth	IDT-V1	bowtie2-samtools-gatk4	Réplica 2	general	0.1518987341772152	0.06753962784286699	0.09350401526596168	24	134	158	98	1353	1451	Deletion
exomedepth	IDT-V1	bowtie2-samtools-gatk4	Réplica 2	general	0.0	0.0	NaN	0	55	55	0	465	465	Duplication
exomedepth	IDT-V1	bowtie2-samtools-gatk4	Réplica 2	pass	0.04430379746835443	0.0728476821192053	0.05509838998211091	7	151	158	22	280	302	Deletion
exomedepth	IDT-V1	bowtie2-samtools-gatk4	Réplica 2	pass	0.0	0.0	NaN	0	55	55	0	16	16	Duplication
exomedepth	IDT-V1	bowtie2-samtools-gatk4	Réplica 1	general	0.11855670103092783	0.061337008959338385	0.08084677817492446	23	171	194	89	1362	1451	Deletion
exomedepth	IDT-V1	bowtie2-samtools-gatk4	Réplica 1	general	0.0	0.0	NaN	0	79	79	0	465	465	Duplication
exomedepth	IDT-V1	bowtie2-samtools-gatk4	Réplica 1	pass	0.04639175257731959	0.10264900662251655	0.06390288593678424	9	185	194	31	271	302	Deletion
exomedepth	IDT-V1	bowtie2-samtools-gatk4	Réplica 1	pass	0.0	0.0	NaN	0	79	79	0	16	16	Duplication
exomedepth	IDT-V1	minimap2-samtools-gatk4	Réplica 2	general	0.17105263157894737	0.08890420399724328	0.1169986395507029	26	126	152	129	1322	1451	Deletion
exomedepth	IDT-V1	minimap2-samtools-gatk4	Réplica 2	general	0.0	0.0	NaN	0	92	92	0	465	465	Duplication
exomedepth	IDT-V1	minimap2-samtools-gatk4	Réplica 2	pass	0.05263157894736842	0.11920529801324503	0.07302231237322515	8	144	152	36	266	302	Deletion
exomedepth	IDT-V1	minimap2-samtools-gatk4	Réplica 2	pass	0.0	0.0	NaN	0	92	92	0	16	16	Duplication
exomedepth	IDT-V1	minimap2-samtools-gatk4	Réplica 1	general	0.15976331360946747	0.09441764300482426	0.11869083908230386	27	142	169	137	1314	1451	Deletion
exomedepth	IDT-V1	minimap2-samtools-gatk4	Réplica 1	general	0.0	0.0	NaN	0	133	133	0	465	465	Duplication
exomedepth	IDT-V1	minimap2-samtools-gatk4	Réplica 1	pass	0.05917159763313609	0.13245033112582782	0.081799591002045	10	159	169	40	262	302	Deletion
exomedepth	IDT-V1	minimap2-samtools-gatk4	Réplica 1	pass	0.0	0.0	NaN	0	133	133	0	16	16	Duplication
exomedepth	ROCHE-V1	bowtie2-picard-gatk3	Réplica 5	general	0.13580246913580246	0.023863636363636365	0.04059397241015728	11	70	81	42	1718	1760	Deletion
exomedepth	ROCHE-V1	bowtie2-picard-gatk3	Réplica 5	general	0.0	0.0	NaN	0	52	52	0	527	527	Duplication
exomedepth	ROCHE-V1	bowtie2-picard-gatk3	Réplica 5	pass	0.08641975308641975	0.07278481012658228	0.07901840490797546	7	74	81	23	293	316	Deletion
exomedepth	ROCHE-V1	bowtie2-picard-gatk3	Réplica 5	pass	0.0	0.0	NaN	0	52	52	0	15	15	Duplication
exomedepth	ROCHE-V1	bowtie2-samtools-gatk4	Réplica 5	general	0.1375	0.023863636363636365	0.040669014084507044	11	69	80	42	1718	1760	Deletion
exomedepth	ROCHE-V1	bowtie2-samtools-gatk4	Réplica 5	general	0.0	0.0	NaN	0	53	53	0	527	527	Duplication
exomedepth	ROCHE-V1	bowtie2-samtools-gatk4	Réplica 5	pass	0.0875	0.07278481012658228	0.07946692991115498	7	73	80	23	293	316	Deletion
exomedepth	ROCHE-V1	bowtie2-samtools-gatk4	Réplica 5	pass	0.0	0.0	NaN	0	53	53	0	15	15	Duplication
exomedepth	ROCHE-V1	minimap2-samtools-gatk4	Réplica 5	general	0.19811320754716982	0.06647727272727273	0.0995502613346299	21	85	106	117	1643	1760	Deletion
exomedepth	ROCHE-V1	minimap2-samtools-gatk4	Réplica 5	general	0.0	0.0	NaN	0	66	66	0	527	527	Duplication
exomedepth	ROCHE-V1	minimap2-samtools-gatk4	Réplica 5	pass	0.07547169811320754	0.12341772151898735	0.09366556589612729	8	98	106	39	277	316	Deletion
exomedepth	ROCHE-V1	minimap2-samtools-gatk4	Réplica 5	pass	0.0	0.0	NaN	0	66	66	0	15	15	Duplication
laconv	IDT-V2	bowtie2-picard-gatk3	Réplica 4	general	0.0017012788924087763	0.03953147877013177	0.003262166987120065	29	17017	17046	54	1312	1366	Deletion
laconv	IDT-V2	bowtie2-picard-gatk3	Réplica 4	general	0.0003282014560210049	0.0351288056206089	0.0006503270356714232	11	33505	33516	15	412	427	Duplication
laconv	IDT-V2	bowtie2-picard-gatk3	Réplica 4	pass	0.000762642262114279	0.09881422924901186	0.0015136026304085096	13	17033	17046	25	228	253	Deletion
laconv	IDT-V2	bowtie2-picard-gatk3	Réplica 4	pass	0.0	0.0	NaN	0	33516	33516	0	14	14	Duplication
laconv	IDT-V2	bowtie2-picard-gatk3	Réplica 3	general	0.023972602739726026	0.008052708638360176	0.012055738218255832	7	285	292	11	1355	1366	Deletion
laconv	IDT-V2	bowtie2-picard-gatk3	Réplica 3	general	0.0	0.0	NaN	0	1682	1682	0	427	427	Duplication
laconv	IDT-V2	bowtie2-picard-gatk3	Réplica 3	pass	0.02054794520547945	0.03557312252964427	0.02604920405209841	6	286	292	9	244	253	Deletion
laconv	IDT-V2	bowtie2-picard-gatk3	Réplica 3	pass	0.0	0.0	NaN	0	1682	1682	0	14	14	Duplication
laconv	IDT-V2	bowtie2-samtools-gatk4	Réplica 3	general	0.02287581699346405	0.008052708638360176	0.011912128712871287	7	299	306	11	1355	1366	Deletion
laconv	IDT-V2	bowtie2-samtools-gatk4	Réplica 3	general	0.0	0.0	NaN	0	1706	1706	0	427	427	Duplication
laconv	IDT-V2	bowtie2-samtools-gatk4	Réplica 3	pass	0.0196078431372549	0.03557312252964427	0.025280898876404497	6	300	306	9	244	253	Deletion
laconv	IDT-V2	bowtie2-samtools-gatk4	Réplica 3	pass	0.0	0.0	NaN	0	1706	1706	0	14	14	Duplication
laconv	IDT-V2	bowtie2-samtools-gatk4	Réplica 4	general	0.0012676681244850098	0.027086383601756955	0.002421985078608144	20	15757	15777	37	1329	1366	Deletion
laconv	IDT-V2	bowtie2-samtools-gatk4	Réplica 4	general	0.0003924765268846421	0.0468384074941452	0.0007784302953095083	13	33110	33123	20	407	427	Duplication
laconv	IDT-V2	bowtie2-samtools-gatk4	Réplica 4	pass	0.0005704506560182544	0.07114624505928854	0.0011318263275379632	9	15768	15777	18	235	253	Deletion
laconv	IDT-V2	bowtie2-samtools-gatk4	Réplica 4	pass	6.038100413609878e-05	0.35714285714285715	0.00012074159487572672	2	33121	33123	5	9	14	Duplication
laconv	IDT-V2	minimap2-samtools-gatk4	Réplica 3	general	0.03691275167785235	0.013909224011713031	0.020204949729311677	11	287	298	19	1347	1366	Deletion
laconv	IDT-V2	minimap2-samtools-gatk4	Réplica 3	general	0.0	0.0	NaN	0	1749	1749	0	427	427	Duplication
laconv	IDT-V2	minimap2-samtools-gatk4	Réplica 3	pass	0.020134228187919462	0.03557312252964427	0.025714285714285714	6	292	298	9	244	253	Deletion
laconv	IDT-V2	minimap2-samtools-gatk4	Réplica 3	pass	0.0	0.0	NaN	0	1749	1749	0	14	14	Duplication
laconv	IDT-V2	minimap2-samtools-gatk4	Réplica 4	general	0.001692471635429073	0.032210834553440704	0.003215965046682927	27	15926	15953	44	1322	1366	Deletion
laconv	IDT-V2	minimap2-samtools-gatk4	Réplica 4	general	0.0003578884580972264	0.04449648711943794	0.0007100658056599719	12	33518	33530	19	408	427	Duplication
laconv	IDT-V2	minimap2-samtools-gatk4	Réplica 4	pass	0.0006268413464552122	0.07114624505928854	0.0012427334612888528	10	15943	15953	18	235	253	Deletion
laconv	IDT-V2	minimap2-samtools-gatk4	Réplica 4	pass	5.964807634953773e-05	0.35714285714285715	0.00011927623182528418	2	33528	33530	5	9	14	Duplication
laconv	IDT-V1	bowtie2-picard-gatk3	Réplica 1	general	0.020942408376963352	0.011026878015161957	0.014446952595936794	8	374	382	16	1435	1451	Deletion
laconv	IDT-V1	bowtie2-picard-gatk3	Réplica 1	general	0.011627906976744186	0.010752688172043012	0.0111731843575419	1	85	86	5	460	465	Duplication
laconv	IDT-V1	bowtie2-picard-gatk3	Réplica 1	pass	0.010471204188481676	0.016556291390728478	0.012828736369467608	4	378	382	5	297	302	Deletion
laconv	IDT-V1	bowtie2-picard-gatk3	Réplica 1	pass	0.011627906976744186	0.3125	0.02242152466367713	1	85	86	5	11	16	Duplication
laconv	IDT-V1	bowtie2-picard-gatk3	Réplica 2	general	0.010263929618768328	0.008270158511371467	0.00915980589935118	7	675	682	12	1439	1451	Deletion
laconv	IDT-V1	bowtie2-picard-gatk3	Réplica 2	general	0.0	0.0	NaN	0	293	293	0	465	465	Duplication
laconv	IDT-V1	bowtie2-picard-gatk3	Réplica 2	pass	0.005865102639296188	0.023178807947019868	0.009361417586091608	4	678	682	7	295	302	Deletion
laconv	IDT-V1	bowtie2-picard-gatk3	Réplica 2	pass	0.0	0.0	NaN	0	293	293	0	16	16	Duplication
laconv	IDT-V1	bowtie2-samtools-gatk4	Réplica 2	general	0.010279001468428781	0.008270158511371467	0.009165802826122537	7	674	681	12	1439	1451	Deletion
laconv	IDT-V1	bowtie2-samtools-gatk4	Réplica 2	general	0.0	0.0	NaN	0	295	295	0	465	465	Duplication
laconv	IDT-V1	bowtie2-samtools-gatk4	Réplica 2	pass	0.005873715124816446	0.023178807947019868	0.009372384937238493	4	677	681	7	295	302	Deletion
laconv	IDT-V1	bowtie2-samtools-gatk4	Réplica 2	pass	0.0	0.0	NaN	0	295	295	0	16	16	Duplication
laconv	IDT-V1	bowtie2-samtools-gatk4	Réplica 1	general	0.020942408376963352	0.011026878015161957	0.014446952595936794	8	374	382	16	1435	1451	Deletion
laconv	IDT-V1	bowtie2-samtools-gatk4	Réplica 1	general	0.011494252873563218	0.010752688172043012	0.011111111111111112	1	86	87	5	460	465	Duplication
laconv	IDT-V1	bowtie2-samtools-gatk4	Réplica 1	pass	0.010471204188481676	0.016556291390728478	0.012828736369467608	4	378	382	5	297	302	Deletion
laconv	IDT-V1	bowtie2-samtools-gatk4	Réplica 1	pass	0.011494252873563218	0.3125	0.022172949002217297	1	86	87	5	11	16	Duplication
laconv	IDT-V1	minimap2-samtools-gatk4	Réplica 2	general	0.008620689655172414	0.005513439007580979	0.006725514922236233	6	690	696	8	1443	1451	Deletion
laconv	IDT-V1	minimap2-samtools-gatk4	Réplica 2	general	0.0	0.0	NaN	0	330	330	0	465	465	Duplication
laconv	IDT-V1	minimap2-samtools-gatk4	Réplica 2	pass	0.004310344827586207	0.009933774834437087	0.006012024048096192	3	693	696	3	299	302	Deletion
laconv	IDT-V1	minimap2-samtools-gatk4	Réplica 2	pass	0.0	0.0	NaN	0	330	330	0	16	16	Duplication
laconv	IDT-V1	minimap2-samtools-gatk4	Réplica 1	general	0.018666666666666668	0.006891798759476223	0.010066872797871575	7	368	375	10	1441	1451	Deletion
laconv	IDT-V1	minimap2-samtools-gatk4	Réplica 1	general	0.00625	0.010752688172043012	0.007905138339920948	1	159	160	5	460	465	Duplication
laconv	IDT-V1	minimap2-samtools-gatk4	Réplica 1	pass	0.010666666666666666	0.016556291390728478	0.012974375608173857	4	371	375	5	297	302	Deletion
laconv	IDT-V1	minimap2-samtools-gatk4	Réplica 1	pass	0.00625	0.3125	0.012254901960784315	1	159	160	5	11	16	Duplication
laconv	ROCHE-V1	bowtie2-picard-gatk3	Réplica 5	general	0.005315110098709187	0.011363636363636364	0.0072426280393171226	7	1310	1317	20	1740	1760	Deletion
laconv	ROCHE-V1	bowtie2-picard-gatk3	Réplica 5	general	0.0	0.0	NaN	0	5764	5764	0	527	527	Duplication
laconv	ROCHE-V1	bowtie2-picard-gatk3	Réplica 5	pass	0.0030372057706909645	0.0189873417721519	0.005236744490508401	4	1313	1317	6	310	316	Deletion
laconv	ROCHE-V1	bowtie2-picard-gatk3	Réplica 5	pass	0.0	0.0	NaN	0	5764	5764	0	15	15	Duplication
laconv	ROCHE-V1	bowtie2-samtools-gatk4	Réplica 5	general	0.005315110098709187	0.011363636363636364	0.0072426280393171226	7	1310	1317	20	1740	1760	Deletion
laconv	ROCHE-V1	bowtie2-samtools-gatk4	Réplica 5	general	0.0	0.0	NaN	0	5770	5770	0	527	527	Duplication
laconv	ROCHE-V1	bowtie2-samtools-gatk4	Réplica 5	pass	0.0030372057706909645	0.0189873417721519	0.005236744490508401	4	1313	1317	6	310	316	Deletion
laconv	ROCHE-V1	bowtie2-samtools-gatk4	Réplica 5	pass	0.0	0.0	NaN	0	5770	5770	0	15	15	Duplication
laconv	ROCHE-V1	minimap2-samtools-gatk4	Réplica 5	general	0.007834757834757835	0.01534090909090909	0.010372284696514633	11	1393	1404	27	1733	1760	Deletion
laconv	ROCHE-V1	minimap2-samtools-gatk4	Réplica 5	general	0.0	0.0	NaN	0	5871	5871	0	527	527	Duplication
laconv	ROCHE-V1	minimap2-samtools-gatk4	Réplica 5	pass	0.002849002849002849	0.0189873417721519	0.00495458298926507	4	1400	1404	6	310	316	Deletion
laconv	ROCHE-V1	minimap2-samtools-gatk4	Réplica 5	pass	0.0	0.0	NaN	0	5871	5871	0	15	15	Duplication
xhmm	IDT-V2	bowtie2-picard-gatk3	Réplica 4	general	0.0	0.0	NaN	0	6	6	0	1366	1366	Deletion
xhmm	IDT-V2	bowtie2-picard-gatk3	Réplica 4	general	0.3333333333333333	0.0234192037470726	0.0437636761487965	1	2	3	10	417	427	Duplication
xhmm	IDT-V2	bowtie2-picard-gatk3	Réplica 4	pass	0.0	0.0	NaN	0	6	6	0	253	253	Deletion
xhmm	IDT-V2	bowtie2-picard-gatk3	Réplica 4	pass	0.0	0.0	NaN	0	3	3	0	14	14	Duplication
xhmm	IDT-V2	bowtie2-picard-gatk3	Réplica 3	general	0.3333333333333333	0.008784773060029283	0.017118402282453638	3	6	9	12	1354	1366	Deletion
xhmm	IDT-V2	bowtie2-picard-gatk3	Réplica 3	general	0.0	0.0	NaN	0	10	10	0	427	427	Duplication
xhmm	IDT-V2	bowtie2-picard-gatk3	Réplica 3	pass	0.2222222222222222	0.043478260869565216	0.07272727272727274	2	7	9	11	242	253	Deletion
xhmm	IDT-V2	bowtie2-picard-gatk3	Réplica 3	pass	0.0	0.0	NaN	0	10	10	0	14	14	Duplication
xhmm	IDT-V2	bowtie2-samtools-gatk4	Réplica 3	general	0.3333333333333333	0.008784773060029283	0.017118402282453638	3	6	9	12	1354	1366	Deletion
xhmm	IDT-V2	bowtie2-samtools-gatk4	Réplica 3	general	0.0	0.0	NaN	0	10	10	0	427	427	Duplication
xhmm	IDT-V2	bowtie2-samtools-gatk4	Réplica 3	pass	0.2222222222222222	0.043478260869565216	0.07272727272727274	2	7	9	11	242	253	Deletion
xhmm	IDT-V2	bowtie2-samtools-gatk4	Réplica 3	pass	0.0	0.0	NaN	0	10	10	0	14	14	Duplication
xhmm	IDT-V2	bowtie2-samtools-gatk4	Réplica 4	general	0.0	0.0	NaN	0	5	5	0	1366	1366	Deletion
xhmm	IDT-V2	bowtie2-samtools-gatk4	Réplica 4	general	0.14285714285714285	0.0234192037470726	0.040241448692152924	1	6	7	10	417	427	Duplication
xhmm	IDT-V2	bowtie2-samtools-gatk4	Réplica 4	pass	0.0	0.0	NaN	0	5	5	0	253	253	Deletion
xhmm	IDT-V2	bowtie2-samtools-gatk4	Réplica 4	pass	0.0	0.0	NaN	0	7	7	0	14	14	Duplication
xhmm	IDT-V2	minimap2-samtools-gatk4	Réplica 3	general	0.2916666666666667	0.029282576866764276	0.0532218209465881	7	17	24	40	1326	1366	Deletion
xhmm	IDT-V2	minimap2-samtools-gatk4	Réplica 3	general	0.0	0.0	NaN	0	22	22	0	427	427	Duplication
xhmm	IDT-V2	minimap2-samtools-gatk4	Réplica 3	pass	0.125	0.043478260869565216	0.06451612903225806	3	21	24	11	242	253	Deletion
xhmm	IDT-V2	minimap2-samtools-gatk4	Réplica 3	pass	0.0	0.0	NaN	0	22	22	0	14	14	Duplication
xhmm	IDT-V2	minimap2-samtools-gatk4	Réplica 4	general	0.0	0.0	NaN	0	7	7	0	1366	1366	Deletion
xhmm	IDT-V2	minimap2-samtools-gatk4	Réplica 4	general	0.0625	0.0234192037470726	0.03407155025553663	1	15	16	10	417	427	Duplication
xhmm	IDT-V2	minimap2-samtools-gatk4	Réplica 4	pass	0.0	0.0	NaN	0	7	7	0	253	253	Deletion
xhmm	IDT-V2	minimap2-samtools-gatk4	Réplica 4	pass	0.0	0.0	NaN	0	16	16	0	14	14	Duplication
xhmm	IDT-V1	bowtie2-picard-gatk3	Réplica 1	general	0.1111111111111111	0.015851137146795313	0.027744270205066344	3	24	27	23	1428	1451	Deletion
xhmm	IDT-V1	bowtie2-picard-gatk3	Réplica 1	general	0.02040816326530612	0.01935483870967742	0.01986754966887417	1	48	49	9	456	465	Duplication
xhmm	IDT-V1	bowtie2-picard-gatk3	Réplica 1	pass	0.1111111111111111	0.06622516556291391	0.08298755186721991	3	24	27	20	282	302	Deletion
xhmm	IDT-V1	bowtie2-picard-gatk3	Réplica 1	pass	0.0	0.0	NaN	0	49	49	0	16	16	Duplication
xhmm	IDT-V1	bowtie2-picard-gatk3	Réplica 2	general	0.0821917808219178	0.028256374913852515	0.04205487648516967	6	67	73	41	1410	1451	Deletion
xhmm	IDT-V1	bowtie2-picard-gatk3	Réplica 2	general	0.0	0.0	NaN	0	22	22	0	465	465	Duplication
xhmm	IDT-V1	bowtie2-picard-gatk3	Réplica 2	pass	0.0136986301369863	0.033112582781456956	0.01937984496124031	1	72	73	10	292	302	Deletion
xhmm	IDT-V1	bowtie2-picard-gatk3	Réplica 2	pass	0.0	0.0	NaN	0	22	22	0	16	16	Duplication
xhmm	IDT-V1	bowtie2-samtools-gatk4	Réplica 2	general	0.0821917808219178	0.028256374913852515	0.04205487648516967	6	67	73	41	1410	1451	Deletion
xhmm	IDT-V1	bowtie2-samtools-gatk4	Réplica 2	general	0.0	0.0	NaN	0	22	22	0	465	465	Duplication
xhmm	IDT-V1	bowtie2-samtools-gatk4	Réplica 2	pass	0.0136986301369863	0.033112582781456956	0.01937984496124031	1	72	73	10	292	302	Deletion
xhmm	IDT-V1	bowtie2-samtools-gatk4	Réplica 2	pass	0.0	0.0	NaN	0	22	22	0	16	16	Duplication
xhmm	IDT-V1	bowtie2-samtools-gatk4	Réplica 1	general	0.1111111111111111	0.015851137146795313	0.027744270205066344	3	24	27	23	1428	1451	Deletion
xhmm	IDT-V1	bowtie2-samtools-gatk4	Réplica 1	general	0.02040816326530612	0.01935483870967742	0.01986754966887417	1	48	49	9	456	465	Duplication
xhmm	IDT-V1	bowtie2-samtools-gatk4	Réplica 1	pass	0.1111111111111111	0.06622516556291391	0.08298755186721991	3	24	27	20	282	302	Deletion
xhmm	IDT-V1	bowtie2-samtools-gatk4	Réplica 1	pass	0.0	0.0	NaN	0	49	49	0	16	16	Duplication
xhmm	IDT-V1	minimap2-samtools-gatk4	Réplica 2	general	0.10416666666666667	0.04962095106822881	0.06722061432172534	10	86	96	72	1379	1451	Deletion
xhmm	IDT-V1	minimap2-samtools-gatk4	Réplica 2	general	0.0	0.0	NaN	0	24	24	0	465	465	Duplication
xhmm	IDT-V1	minimap2-samtools-gatk4	Réplica 2	pass	0.020833333333333332	0.06291390728476821	0.03130148270181219	2	94	96	19	283	302	Deletion
xhmm	IDT-V1	minimap2-samtools-gatk4	Réplica 2	pass	0.0	0.0	NaN	0	24	24	0	16	16	Duplication
xhmm	IDT-V1	minimap2-samtools-gatk4	Réplica 1	general	0.225	0.04203997243280496	0.07084328021162656	9	31	40	61	1390	1451	Deletion
xhmm	IDT-V1	minimap2-samtools-gatk4	Réplica 1	general	0.014925373134328358	0.010752688172043012	0.012500000000000002	1	66	67	5	460	465	Duplication
xhmm	IDT-V1	minimap2-samtools-gatk4	Réplica 1	pass	0.125	0.09933774834437085	0.1107011070110701	5	35	40	30	272	302	Deletion
xhmm	IDT-V1	minimap2-samtools-gatk4	Réplica 1	pass	0.014925373134328358	0.3125	0.028490028490028487	1	66	67	5	11	16	Duplication
xhmm	ROCHE-V1	bowtie2-picard-gatk3	Réplica 5	general	0.1111111111111111	0.0005681818181818182	0.0011305822498586774	1	8	9	1	1759	1760	Deletion
xhmm	ROCHE-V1	bowtie2-picard-gatk3	Réplica 5	general	0.0	0.0	NaN	0	5	5	0	527	527	Duplication
xhmm	ROCHE-V1	bowtie2-picard-gatk3	Réplica 5	pass	0.1111111111111111	0.02531645569620253	0.041237113402061855	1	8	9	8	308	316	Deletion
xhmm	ROCHE-V1	bowtie2-picard-gatk3	Réplica 5	pass	0.0	0.0	NaN	0	5	5	0	15	15	Duplication
xhmm	ROCHE-V1	bowtie2-samtools-gatk4	Réplica 5	general	0.1111111111111111	0.0005681818181818182	0.0011305822498586774	1	8	9	1	1759	1760	Deletion
xhmm	ROCHE-V1	bowtie2-samtools-gatk4	Réplica 5	general	0.0	0.0	NaN	0	5	5	0	527	527	Duplication
xhmm	ROCHE-V1	bowtie2-samtools-gatk4	Réplica 5	pass	0.1111111111111111	0.02531645569620253	0.041237113402061855	1	8	9	8	308	316	Deletion
xhmm	ROCHE-V1	bowtie2-samtools-gatk4	Réplica 5	pass	0.0	0.0	NaN	0	5	5	0	15	15	Duplication
xhmm	ROCHE-V1	minimap2-samtools-gatk4	Réplica 5	general	0.18181818181818182	0.011363636363636364	0.021390374331550804	4	18	22	20	1740	1760	Deletion
xhmm	ROCHE-V1	minimap2-samtools-gatk4	Réplica 5	general	0.0	0.0	NaN	0	9	9	0	527	527	Duplication
xhmm	ROCHE-V1	minimap2-samtools-gatk4	Réplica 5	pass	0.09090909090909091	0.028481012658227847	0.043373493975903614	2	20	22	9	307	316	Deletion
xhmm	ROCHE-V1	minimap2-samtools-gatk4	Réplica 5	pass	0.0	0.0	NaN	0	9	9	0	15	15	Duplication
cnvkit	IDT-V2	bowtie2-picard-gatk3	Réplica 4	general	0.0	0.0	NaN	0	12	12	0	1366	1366	Deletion
cnvkit	IDT-V2	bowtie2-picard-gatk3	Réplica 4	general	0.0	0.0	NaN	0	8	8	0	427	427	Duplication
cnvkit	IDT-V2	bowtie2-picard-gatk3	Réplica 4	pass	0.0	0.0	NaN	0	12	12	0	253	253	Deletion
cnvkit	IDT-V2	bowtie2-picard-gatk3	Réplica 4	pass	0.0	0.0	NaN	0	8	8	0	14	14	Duplication
cnvkit	IDT-V2	bowtie2-picard-gatk3	Réplica 3	general	0.12903225806451613	0.017569546120058566	0.030927835051546393	4	27	31	24	1342	1366	Deletion
cnvkit	IDT-V2	bowtie2-picard-gatk3	Réplica 3	general	0.05	0.0234192037470726	0.031897926634768745	1	19	20	10	417	427	Duplication
cnvkit	IDT-V2	bowtie2-picard-gatk3	Réplica 3	pass	0.03225806451612903	0.007905138339920948	0.0126984126984127	1	30	31	2	251	253	Deletion
cnvkit	IDT-V2	bowtie2-picard-gatk3	Réplica 3	pass	0.0	0.0	NaN	0	20	20	0	14	14	Duplication
cnvkit	IDT-V2	bowtie2-samtools-gatk4	Réplica 3	general	0.13793103448275862	0.017569546120058566	0.03116883116883117	4	25	29	24	1342	1366	Deletion
cnvkit	IDT-V2	bowtie2-samtools-gatk4	Réplica 3	general	0.05555555555555555	0.0234192037470726	0.032948929159802305	1	17	18	10	417	427	Duplication
cnvkit	IDT-V2	bowtie2-samtools-gatk4	Réplica 3	pass	0.034482758620689655	0.007905138339920948	0.012861736334405145	1	28	29	2	251	253	Deletion
cnvkit	IDT-V2	bowtie2-samtools-gatk4	Réplica 3	pass	0.0	0.0	NaN	0	18	18	0	14	14	Duplication
cnvkit	IDT-V2	bowtie2-samtools-gatk4	Réplica 4	general	0.09090909090909091	0.007320644216691069	0.013550135501355014	1	10	11	10	1356	1366	Deletion
cnvkit	IDT-V2	bowtie2-samtools-gatk4	Réplica 4	general	0.0	0.0	NaN	0	11	11	0	427	427	Duplication
cnvkit	IDT-V2	bowtie2-samtools-gatk4	Réplica 4	pass	0.0	0.0	NaN	0	11	11	0	253	253	Deletion
cnvkit	IDT-V2	bowtie2-samtools-gatk4	Réplica 4	pass	0.0	0.0	NaN	0	11	11	0	14	14	Duplication
cnvkit	IDT-V2	minimap2-samtools-gatk4	Réplica 3	general	0.125	0.017569546120058566	0.03080872913992298	4	28	32	24	1342	1366	Deletion
cnvkit	IDT-V2	minimap2-samtools-gatk4	Réplica 3	general	0.05	0.0234192037470726	0.031897926634768745	1	19	20	10	417	427	Duplication
cnvkit	IDT-V2	minimap2-samtools-gatk4	Réplica 3	pass	0.03125	0.007905138339920948	0.012618296529968454	1	31	32	2	251	253	Deletion
cnvkit	IDT-V2	minimap2-samtools-gatk4	Réplica 3	pass	0.0	0.0	NaN	0	20	20	0	14	14	Duplication
cnvkit	IDT-V2	minimap2-samtools-gatk4	Réplica 4	general	0.0	0.0	NaN	0	13	13	0	1366	1366	Deletion
cnvkit	IDT-V2	minimap2-samtools-gatk4	Réplica 4	general	0.0	0.0	NaN	0	10	10	0	427	427	Duplication
cnvkit	IDT-V2	minimap2-samtools-gatk4	Réplica 4	pass	0.0	0.0	NaN	0	13	13	0	253	253	Deletion
cnvkit	IDT-V2	minimap2-samtools-gatk4	Réplica 4	pass	0.0	0.0	NaN	0	10	10	0	14	14	Duplication
cnvkit	IDT-V1	bowtie2-picard-gatk3	Réplica 1	general	0.07142857142857142	0.006891798759476223	0.01257071024512885	1	13	14	10	1441	1451	Deletion
cnvkit	IDT-V1	bowtie2-picard-gatk3	Réplica 1	general	0.0	0.0	NaN	0	2	2	0	465	465	Duplication
cnvkit	IDT-V1	bowtie2-picard-gatk3	Réplica 1	pass	0.0	0.0	NaN	0	14	14	0	302	302	Deletion
cnvkit	IDT-V1	bowtie2-picard-gatk3	Réplica 1	pass	0.0	0.0	NaN	0	2	2	0	16	16	Duplication
cnvkit	IDT-V1	bowtie2-picard-gatk3	Réplica 2	general	0.13333333333333333	0.00895933838731909	0.016790442363577657	2	13	15	13	1438	1451	Deletion
cnvkit	IDT-V1	bowtie2-picard-gatk3	Réplica 2	general	NaN	0.0	NaN	0	0	0	0	465	465	Duplication
cnvkit	IDT-V1	bowtie2-picard-gatk3	Réplica 2	pass	0.06666666666666667	0.006622516556291391	0.012048192771084336	1	14	15	2	300	302	Deletion
cnvkit	IDT-V1	bowtie2-picard-gatk3	Réplica 2	pass	NaN	0.0	NaN	0	0	0	0	16	16	Duplication
cnvkit	IDT-V1	bowtie2-samtools-gatk4	Réplica 2	general	0.16666666666666666	0.00895933838731909	0.017004578155657295	2	10	12	13	1438	1451	Deletion
cnvkit	IDT-V1	bowtie2-samtools-gatk4	Réplica 2	general	NaN	0.0	NaN	0	0	0	0	465	465	Duplication
cnvkit	IDT-V1	bowtie2-samtools-gatk4	Réplica 2	pass	0.08333333333333333	0.006622516556291391	0.012269938650306749	1	11	12	2	300	302	Deletion
cnvkit	IDT-V1	bowtie2-samtools-gatk4	Réplica 2	pass	NaN	0.0	NaN	0	0	0	0	16	16	Duplication
cnvkit	IDT-V1	bowtie2-samtools-gatk4	Réplica 1	general	0.09090909090909091	0.006891798759476223	0.012812299807815505	1	10	11	10	1441	1451	Deletion
cnvkit	IDT-V1	bowtie2-samtools-gatk4	Réplica 1	general	0.0	0.0	NaN	0	2	2	0	465	465	Duplication
cnvkit	IDT-V1	bowtie2-samtools-gatk4	Réplica 1	pass	0.0	0.0	NaN	0	11	11	0	302	302	Deletion
cnvkit	IDT-V1	bowtie2-samtools-gatk4	Réplica 1	pass	0.0	0.0	NaN	0	2	2	0	16	16	Duplication
cnvkit	IDT-V1	minimap2-samtools-gatk4	Réplica 2	general	0.18181818181818182	0.00895933838731909	0.017077175697865352	2	9	11	13	1438	1451	Deletion
cnvkit	IDT-V1	minimap2-samtools-gatk4	Réplica 2	general	NaN	0.0	NaN	0	0	0	0	465	465	Duplication
cnvkit	IDT-V1	minimap2-samtools-gatk4	Réplica 2	pass	0.09090909090909091	0.006622516556291391	0.012345679012345678	1	10	11	2	300	302	Deletion
cnvkit	IDT-V1	minimap2-samtools-gatk4	Réplica 2	pass	NaN	0.0	NaN	0	0	0	0	16	16	Duplication
cnvkit	IDT-V1	minimap2-samtools-gatk4	Réplica 1	general	0.15384615384615385	0.013783597518952447	0.025300442757748263	2	11	13	20	1431	1451	Deletion
cnvkit	IDT-V1	minimap2-samtools-gatk4	Réplica 1	general	0.0	0.0	NaN	0	1	1	0	465	465	Duplication
cnvkit	IDT-V1	minimap2-samtools-gatk4	Réplica 1	pass	0.07692307692307693	0.033112582781456956	0.0462962962962963	1	12	13	10	292	302	Deletion
cnvkit	IDT-V1	minimap2-samtools-gatk4	Réplica 1	pass	0.0	0.0	NaN	0	1	1	0	16	16	Duplication
cnvkit	ROCHE-V1	bowtie2-picard-gatk3	Réplica 5	general	0.2	0.0017045454545454545	0.0033802816901408453	1	4	5	3	1757	1760	Deletion
cnvkit	ROCHE-V1	bowtie2-picard-gatk3	Réplica 5	general	NaN	0.0	NaN	0	0	0	0	527	527	Duplication
cnvkit	ROCHE-V1	bowtie2-picard-gatk3	Réplica 5	pass	0.2	0.006329113924050633	0.012269938650306747	1	4	5	2	314	316	Deletion
cnvkit	ROCHE-V1	bowtie2-picard-gatk3	Réplica 5	pass	NaN	0.0	NaN	0	0	0	0	15	15	Duplication
cnvkit	ROCHE-V1	bowtie2-samtools-gatk4	Réplica 5	general	0.0	0.0	NaN	0	4	4	0	1760	1760	Deletion
cnvkit	ROCHE-V1	bowtie2-samtools-gatk4	Réplica 5	general	NaN	0.0	NaN	0	0	0	0	527	527	Duplication
cnvkit	ROCHE-V1	bowtie2-samtools-gatk4	Réplica 5	pass	0.0	0.0	NaN	0	4	4	0	316	316	Deletion
cnvkit	ROCHE-V1	bowtie2-samtools-gatk4	Réplica 5	pass	NaN	0.0	NaN	0	0	0	0	15	15	Duplication
cnvkit	ROCHE-V1	minimap2-samtools-gatk4	Réplica 5	general	0.0	0.0	NaN	0	6	6	0	1760	1760	Deletion
cnvkit	ROCHE-V1	minimap2-samtools-gatk4	Réplica 5	general	NaN	0.0	NaN	0	0	0	0	527	527	Duplication
cnvkit	ROCHE-V1	minimap2-samtools-gatk4	Réplica 5	pass	0.0	0.0	NaN	0	6	6	0	316	316	Deletion
cnvkit	ROCHE-V1	minimap2-samtools-gatk4	Réplica 5	pass	NaN	0.0	NaN	0	0	0	0	15	15	Duplication
cnmops	IDT-V2	bowtie2-picard-gatk3	Réplica 4	general	0.03409090909090909	0.019765739385065886	0.025023169601482854	3	85	88	27	1339	1366	Deletion
cnmops	IDT-V2	bowtie2-picard-gatk3	Réplica 4	general	0.0	0.0	NaN	0	136	136	0	427	427	Duplication
cnmops	IDT-V2	bowtie2-picard-gatk3	Réplica 4	pass	0.0	0.0	NaN	0	88	88	0	253	253	Deletion
cnmops	IDT-V2	bowtie2-picard-gatk3	Réplica 4	pass	0.0	0.0	NaN	0	136	136	0	14	14	Duplication
cnmops	IDT-V2	bowtie2-picard-gatk3	Réplica 3	general	0.21428571428571427	0.010980966325036604	0.020891364902506964	3	11	14	15	1351	1366	Deletion
cnmops	IDT-V2	bowtie2-picard-gatk3	Réplica 3	general	0.0	0.0	NaN	0	8	8	0	427	427	Duplication
cnmops	IDT-V2	bowtie2-picard-gatk3	Réplica 3	pass	0.07142857142857142	0.007905138339920948	0.014234875444839859	1	13	14	2	251	253	Deletion
cnmops	IDT-V2	bowtie2-picard-gatk3	Réplica 3	pass	0.0	0.0	NaN	0	8	8	0	14	14	Duplication
cnmops	IDT-V2	bowtie2-samtools-gatk4	Réplica 3	general	0.15	0.010980966325036604	0.020463847203274214	3	17	20	15	1351	1366	Deletion
cnmops	IDT-V2	bowtie2-samtools-gatk4	Réplica 3	general	0.0	0.0	NaN	0	8	8	0	427	427	Duplication
cnmops	IDT-V2	bowtie2-samtools-gatk4	Réplica 3	pass	0.05	0.007905138339920948	0.013651877133105802	1	19	20	2	251	253	Deletion
cnmops	IDT-V2	bowtie2-samtools-gatk4	Réplica 3	pass	0.0	0.0	NaN	0	8	8	0	14	14	Duplication
cnmops	IDT-V2	bowtie2-samtools-gatk4	Réplica 4	general	0.02247191011235955	0.014641288433382138	0.01773049645390071	2	87	89	20	1346	1366	Deletion
cnmops	IDT-V2	bowtie2-samtools-gatk4	Réplica 4	general	0.006535947712418301	0.0234192037470726	0.010219724067450179	1	152	153	10	417	427	Duplication
cnmops	IDT-V2	bowtie2-samtools-gatk4	Réplica 4	pass	0.0	0.0	NaN	0	89	89	0	253	253	Deletion
cnmops	IDT-V2	bowtie2-samtools-gatk4	Réplica 4	pass	0.0	0.0	NaN	0	153	153	0	14	14	Duplication
cnmops	IDT-V2	minimap2-samtools-gatk4	Réplica 3	general	0.09090909090909091	0.007320644216691069	0.013550135501355014	2	20	22	10	1356	1366	Deletion
cnmops	IDT-V2	minimap2-samtools-gatk4	Réplica 3	general	0.0	0.0	NaN	0	10	10	0	427	427	Duplication
cnmops	IDT-V2	minimap2-samtools-gatk4	Réplica 3	pass	0.0	0.0	NaN	0	22	22	0	253	253	Deletion
cnmops	IDT-V2	minimap2-samtools-gatk4	Réplica 3	pass	0.0	0.0	NaN	0	10	10	0	14	14	Duplication
cnmops	IDT-V2	minimap2-samtools-gatk4	Réplica 4	general	0.03571428571428571	0.017569546120058566	0.023552502453385672	3	81	84	24	1342	1366	Deletion
cnmops	IDT-V2	minimap2-samtools-gatk4	Réplica 4	general	0.0	0.0	NaN	0	140	140	0	427	427	Duplication
cnmops	IDT-V2	minimap2-samtools-gatk4	Réplica 4	pass	0.0	0.0	NaN	0	84	84	0	253	253	Deletion
cnmops	IDT-V2	minimap2-samtools-gatk4	Réplica 4	pass	0.0	0.0	NaN	0	140	140	0	14	14	Duplication
cnmops	IDT-V1	bowtie2-picard-gatk3	Réplica 1	general	0.043478260869565216	0.006891798759476223	0.01189767995240928	1	22	23	10	1441	1451	Deletion
cnmops	IDT-V1	bowtie2-picard-gatk3	Réplica 1	general	0.0	0.0	NaN	0	9	9	0	465	465	Duplication
cnmops	IDT-V1	bowtie2-picard-gatk3	Réplica 1	pass	0.043478260869565216	0.033112582781456956	0.03759398496240602	1	22	23	10	292	302	Deletion
cnmops	IDT-V1	bowtie2-picard-gatk3	Réplica 1	pass	0.0	0.0	NaN	0	9	9	0	16	16	Duplication
cnmops	IDT-V1	bowtie2-picard-gatk3	Réplica 2	general	0.07692307692307693	0.01171605789110958	0.020334928229665074	2	24	26	17	1434	1451	Deletion
cnmops	IDT-V1	bowtie2-picard-gatk3	Réplica 2	general	0.0	0.0	NaN	0	3	3	0	465	465	Duplication
cnmops	IDT-V1	bowtie2-picard-gatk3	Réplica 2	pass	0.07692307692307693	0.059602649006622516	0.06716417910447761	2	24	26	18	284	302	Deletion
cnmops	IDT-V1	bowtie2-picard-gatk3	Réplica 2	pass	0.0	0.0	NaN	0	3	3	0	16	16	Duplication
cnmops	IDT-V1	bowtie2-samtools-gatk4	Réplica 2	general	0.10714285714285714	0.018607856650585803	0.03170874926600118	3	25	28	27	1424	1451	Deletion
cnmops	IDT-V1	bowtie2-samtools-gatk4	Réplica 2	general	0.0	0.0	NaN	0	2	2	0	465	465	Duplication
cnmops	IDT-V1	bowtie2-samtools-gatk4	Réplica 2	pass	0.07142857142857142	0.059602649006622516	0.06498194945848375	2	26	28	18	284	302	Deletion
cnmops	IDT-V1	bowtie2-samtools-gatk4	Réplica 2	pass	0.0	0.0	NaN	0	2	2	0	16	16	Duplication
cnmops	IDT-V1	bowtie2-samtools-gatk4	Réplica 1	general	0.038461538461538464	0.006891798759476223	0.01168907071887785	1	25	26	10	1441	1451	Deletion
cnmops	IDT-V1	bowtie2-samtools-gatk4	Réplica 1	general	0.0	0.0	NaN	0	7	7	0	465	465	Duplication
cnmops	IDT-V1	bowtie2-samtools-gatk4	Réplica 1	pass	0.038461538461538464	0.033112582781456956	0.03558718861209965	1	25	26	10	292	302	Deletion
cnmops	IDT-V1	bowtie2-samtools-gatk4	Réplica 1	pass	0.0	0.0	NaN	0	7	7	0	16	16	Duplication
cnmops	IDT-V1	minimap2-samtools-gatk4	Réplica 2	general	0.15625	0.02343211578221916	0.04075272683686924	5	27	32	34	1417	1451	Deletion
cnmops	IDT-V1	minimap2-samtools-gatk4	Réplica 2	general	0.0	0.0	NaN	0	6	6	0	465	465	Duplication
cnmops	IDT-V1	minimap2-samtools-gatk4	Réplica 2	pass	0.09375	0.06622516556291391	0.0776196636481242	3	29	32	20	282	302	Deletion
cnmops	IDT-V1	minimap2-samtools-gatk4	Réplica 2	pass	0.0	0.0	NaN	0	6	6	0	16	16	Duplication
cnmops	IDT-V1	minimap2-samtools-gatk4	Réplica 1	general	0.1935483870967742	0.030323914541695383	0.052432969215491565	6	25	31	44	1407	1451	Deletion
cnmops	IDT-V1	minimap2-samtools-gatk4	Réplica 1	general	0.0	0.0	NaN	0	10	10	0	465	465	Duplication
cnmops	IDT-V1	minimap2-samtools-gatk4	Réplica 1	pass	0.06451612903225806	0.039735099337748346	0.04918032786885246	2	29	31	12	290	302	Deletion
cnmops	IDT-V1	minimap2-samtools-gatk4	Réplica 1	pass	0.0	0.0	NaN	0	10	10	0	16	16	Duplication
cnmops	ROCHE-V1	bowtie2-picard-gatk3	Réplica 5	general	0.08108108108108109	0.0125	0.021660649819494587	3	34	37	22	1738	1760	Deletion
cnmops	ROCHE-V1	bowtie2-picard-gatk3	Réplica 5	general	0.0	0.0	NaN	0	7	7	0	527	527	Duplication
cnmops	ROCHE-V1	bowtie2-picard-gatk3	Réplica 5	pass	0.05405405405405406	0.0379746835443038	0.0446096654275093	2	35	37	12	304	316	Deletion
cnmops	ROCHE-V1	bowtie2-picard-gatk3	Réplica 5	pass	0.0	0.0	NaN	0	7	7	0	15	15	Duplication
cnmops	ROCHE-V1	bowtie2-samtools-gatk4	Réplica 5	general	0.08108108108108109	0.0125	0.021660649819494587	3	34	37	22	1738	1760	Deletion
cnmops	ROCHE-V1	bowtie2-samtools-gatk4	Réplica 5	general	0.0	0.0	NaN	0	7	7	0	527	527	Duplication
cnmops	ROCHE-V1	bowtie2-samtools-gatk4	Réplica 5	pass	0.05405405405405406	0.0379746835443038	0.0446096654275093	2	35	37	12	304	316	Deletion
cnmops	ROCHE-V1	bowtie2-samtools-gatk4	Réplica 5	pass	0.0	0.0	NaN	0	7	7	0	15	15	Duplication
cnmops	ROCHE-V1	minimap2-samtools-gatk4	Réplica 5	general	0.11363636363636363	0.01875	0.032188841201716736	5	39	44	33	1727	1760	Deletion
cnmops	ROCHE-V1	minimap2-samtools-gatk4	Réplica 5	general	0.0	0.0	NaN	0	7	7	0	527	527	Duplication
cnmops	ROCHE-V1	minimap2-samtools-gatk4	Réplica 5	pass	0.022727272727272728	0.03164556962025317	0.026455026455026454	1	43	44	10	306	316	Deletion
cnmops	ROCHE-V1	minimap2-samtools-gatk4	Réplica 5	pass	0.0	0.0	NaN	0	7	7	0	15	15	Duplication
contra	IDT-V2	bowtie2-picard-gatk3	Réplica 4	general	0.0055762081784386614	0.007320644216691069	0.006330449461911795	3	535	538	10	1356	1366	Deletion
contra	IDT-V2	bowtie2-picard-gatk3	Réplica 4	general	0.0	0.0	NaN	0	72	72	0	427	427	Duplication
contra	IDT-V2	bowtie2-picard-gatk3	Réplica 4	pass	0.0037174721189591076	0.011857707509881422	0.005660377358490566	2	536	538	3	250	253	Deletion
contra	IDT-V2	bowtie2-picard-gatk3	Réplica 4	pass	0.0	0.0	NaN	0	72	72	0	14	14	Duplication
contra	IDT-V2	bowtie2-picard-gatk3	Réplica 3	general	0.046052631578947366	0.01171303074670571	0.01867600466900117	7	145	152	16	1350	1366	Deletion
contra	IDT-V2	bowtie2-picard-gatk3	Réplica 3	general	0.0	0.0	NaN	0	224	224	0	427	427	Duplication
contra	IDT-V2	bowtie2-picard-gatk3	Réplica 3	pass	0.02631578947368421	0.05928853754940711	0.03645200486026731	4	148	152	15	238	253	Deletion
contra	IDT-V2	bowtie2-picard-gatk3	Réplica 3	pass	0.0	0.0	NaN	0	224	224	0	14	14	Duplication
contra	IDT-V2	bowtie2-samtools-gatk4	Réplica 3	general	0.04827586206896552	0.01171303074670571	0.0188520451102508	7	138	145	16	1350	1366	Deletion
contra	IDT-V2	bowtie2-samtools-gatk4	Réplica 3	general	0.0	0.0	NaN	0	212	212	0	427	427	Duplication
contra	IDT-V2	bowtie2-samtools-gatk4	Réplica 3	pass	0.027586206896551724	0.05928853754940711	0.03765296517100722	4	141	145	15	238	253	Deletion
contra	IDT-V2	bowtie2-samtools-gatk4	Réplica 3	pass	0.0	0.0	NaN	0	212	212	0	14	14	Duplication
contra	IDT-V2	bowtie2-samtools-gatk4	Réplica 4	general	0.007797270955165692	0.007320644216691069	0.007551444213705871	4	509	513	10	1356	1366	Deletion
contra	IDT-V2	bowtie2-samtools-gatk4	Réplica 4	general	0.0	0.0	NaN	0	132	132	0	427	427	Duplication
contra	IDT-V2	bowtie2-samtools-gatk4	Réplica 4	pass	0.003898635477582846	0.011857707509881422	0.005867970660146699	2	511	513	3	250	253	Deletion
contra	IDT-V2	bowtie2-samtools-gatk4	Réplica 4	pass	0.0	0.0	NaN	0	132	132	0	14	14	Duplication
contra	IDT-V2	minimap2-samtools-gatk4	Réplica 3	general	0.05	0.01171303074670571	0.01897983392645314	7	133	140	16	1350	1366	Deletion
contra	IDT-V2	minimap2-samtools-gatk4	Réplica 3	general	0.0	0.0	NaN	0	220	220	0	427	427	Duplication
contra	IDT-V2	minimap2-samtools-gatk4	Réplica 3	pass	0.02857142857142857	0.05928853754940711	0.038560411311053984	4	136	140	15	238	253	Deletion
contra	IDT-V2	minimap2-samtools-gatk4	Réplica 3	pass	0.0	0.0	NaN	0	220	220	0	14	14	Duplication
contra	IDT-V2	minimap2-samtools-gatk4	Réplica 4	general	0.0058823529411764705	0.007320644216691069	0.006523157208088715	3	507	510	10	1356	1366	Deletion
contra	IDT-V2	minimap2-samtools-gatk4	Réplica 4	general	0.0	0.0	NaN	0	112	112	0	427	427	Duplication
contra	IDT-V2	minimap2-samtools-gatk4	Réplica 4	pass	0.00392156862745098	0.011857707509881422	0.005893909626719056	2	508	510	3	250	253	Deletion
contra	IDT-V2	minimap2-samtools-gatk4	Réplica 4	pass	0.0	0.0	NaN	0	112	112	0	14	14	Duplication
contra	IDT-V1	bowtie2-picard-gatk3	Réplica 1	general	0.09259259259259259	0.008270158511371467	0.015184107301024926	5	49	54	12	1439	1451	Deletion
contra	IDT-V1	bowtie2-picard-gatk3	Réplica 1	general	0.0	0.0	NaN	0	22	22	0	465	465	Duplication
contra	IDT-V1	bowtie2-picard-gatk3	Réplica 1	pass	0.037037037037037035	0.009933774834437087	0.015665796344647518	2	52	54	3	299	302	Deletion
contra	IDT-V1	bowtie2-picard-gatk3	Réplica 1	pass	0.0	0.0	NaN	0	22	22	0	16	16	Duplication
contra	IDT-V1	bowtie2-picard-gatk3	Réplica 2	general	0.1016949152542373	0.00895933838731909	0.016467856011823077	6	53	59	13	1438	1451	Deletion
contra	IDT-V1	bowtie2-picard-gatk3	Réplica 2	general	0.0	0.0	NaN	0	14	14	0	465	465	Duplication
contra	IDT-V1	bowtie2-picard-gatk3	Réplica 2	pass	0.03389830508474576	0.009933774834437087	0.015364916773367477	2	57	59	3	299	302	Deletion
contra	IDT-V1	bowtie2-picard-gatk3	Réplica 2	pass	0.0	0.0	NaN	0	14	14	0	16	16	Duplication
contra	IDT-V1	bowtie2-samtools-gatk4	Réplica 2	general	0.10344827586206896	0.00895933838731909	0.01649048625792812	6	52	58	13	1438	1451	Deletion
contra	IDT-V1	bowtie2-samtools-gatk4	Réplica 2	general	0.0	0.0	NaN	0	13	13	0	465	465	Duplication
contra	IDT-V1	bowtie2-samtools-gatk4	Réplica 2	pass	0.034482758620689655	0.009933774834437087	0.015424164524421594	2	56	58	3	299	302	Deletion
contra	IDT-V1	bowtie2-samtools-gatk4	Réplica 2	pass	0.0	0.0	NaN	0	13	13	0	16	16	Duplication
contra	IDT-V1	bowtie2-samtools-gatk4	Réplica 1	general	0.09090909090909091	0.008270158511371467	0.015161086544535692	5	50	55	12	1439	1451	Deletion
contra	IDT-V1	bowtie2-samtools-gatk4	Réplica 1	general	0.0	0.0	NaN	0	22	22	0	465	465	Duplication
contra	IDT-V1	bowtie2-samtools-gatk4	Réplica 1	pass	0.03636363636363636	0.009933774834437087	0.015604681404421327	2	53	55	3	299	302	Deletion
contra	IDT-V1	bowtie2-samtools-gatk4	Réplica 1	pass	0.0	0.0	NaN	0	22	22	0	16	16	Duplication
contra	IDT-V1	minimap2-samtools-gatk4	Réplica 2	general	0.1016949152542373	0.00895933838731909	0.016467856011823077	6	53	59	13	1438	1451	Deletion
contra	IDT-V1	minimap2-samtools-gatk4	Réplica 2	general	0.0	0.0	NaN	0	12	12	0	465	465	Duplication
contra	IDT-V1	minimap2-samtools-gatk4	Réplica 2	pass	0.03389830508474576	0.009933774834437087	0.015364916773367477	2	57	59	3	299	302	Deletion
contra	IDT-V1	minimap2-samtools-gatk4	Réplica 2	pass	0.0	0.0	NaN	0	12	12	0	16	16	Duplication
contra	IDT-V1	minimap2-samtools-gatk4	Réplica 1	general	0.10909090909090909	0.00895933838731909	0.016558751724869973	6	49	55	13	1438	1451	Deletion
contra	IDT-V1	minimap2-samtools-gatk4	Réplica 1	general	0.0	0.0	NaN	0	21	21	0	465	465	Duplication
contra	IDT-V1	minimap2-samtools-gatk4	Réplica 1	pass	0.03636363636363636	0.009933774834437087	0.015604681404421327	2	53	55	3	299	302	Deletion
contra	IDT-V1	minimap2-samtools-gatk4	Réplica 1	pass	0.0	0.0	NaN	0	21	21	0	16	16	Duplication
contra	ROCHE-V1	bowtie2-picard-gatk3	Réplica 5	general	0.03418803418803419	0.002840909090909091	0.005245901639344263	4	113	117	5	1755	1760	Deletion
contra	ROCHE-V1	bowtie2-picard-gatk3	Réplica 5	general	0.0	0.0	NaN	0	7	7	0	527	527	Duplication
contra	ROCHE-V1	bowtie2-picard-gatk3	Réplica 5	pass	0.008547008547008548	0.006329113924050633	0.007272727272727274	1	116	117	2	314	316	Deletion
contra	ROCHE-V1	bowtie2-picard-gatk3	Réplica 5	pass	0.0	0.0	NaN	0	7	7	0	15	15	Duplication
contra	ROCHE-V1	bowtie2-samtools-gatk4	Réplica 5	general	0.03389830508474576	0.002840909090909091	0.005242463958060289	4	114	118	5	1755	1760	Deletion
contra	ROCHE-V1	bowtie2-samtools-gatk4	Réplica 5	general	0.0	0.0	NaN	0	8	8	0	527	527	Duplication
contra	ROCHE-V1	bowtie2-samtools-gatk4	Réplica 5	pass	0.00847457627118644	0.006329113924050633	0.007246376811594202	1	117	118	2	314	316	Deletion
contra	ROCHE-V1	bowtie2-samtools-gatk4	Réplica 5	pass	0.0	0.0	NaN	0	8	8	0	15	15	Duplication
contra	ROCHE-V1	minimap2-samtools-gatk4	Réplica 5	general	0.036036036036036036	0.002840909090909091	0.005266622778143516	4	107	111	5	1755	1760	Deletion
contra	ROCHE-V1	minimap2-samtools-gatk4	Réplica 5	general	0.0	0.0	NaN	0	6	6	0	527	527	Duplication
contra	ROCHE-V1	minimap2-samtools-gatk4	Réplica 5	pass	0.009009009009009009	0.006329113924050633	0.007434944237918215	1	110	111	2	314	316	Deletion
contra	ROCHE-V1	minimap2-samtools-gatk4	Réplica 5	pass	0.0	0.0	NaN	0	6	6	0	15	15	Duplication
manta	IDT-V2	bowtie2-picard-gatk3	Réplica 4	general	0.34285714285714286	0.020497803806734993	0.038682938061247986	24	46	70	28	1338	1366	Deletion
manta	IDT-V2	bowtie2-picard-gatk3	Réplica 4	general	0.0	0.0	NaN	0	22	22	0	427	427	Duplication
manta	IDT-V2	bowtie2-picard-gatk3	Réplica 4	pass	0.18571428571428572	0.06324110671936758	0.09435246087548196	13	57	70	16	237	253	Deletion
manta	IDT-V2	bowtie2-picard-gatk3	Réplica 4	pass	0.0	0.0	NaN	0	22	22	0	14	14	Duplication
manta	IDT-V2	bowtie2-picard-gatk3	Réplica 3	general	0.3137254901960784	0.015373352855051245	0.02931042002878702	16	35	51	21	1345	1366	Deletion
manta	IDT-V2	bowtie2-picard-gatk3	Réplica 3	general	0.0	0.0	NaN	0	23	23	0	427	427	Duplication
manta	IDT-V2	bowtie2-picard-gatk3	Réplica 3	pass	0.19607843137254902	0.05138339920948617	0.08142812402129658	10	41	51	13	240	253	Deletion
manta	IDT-V2	bowtie2-picard-gatk3	Réplica 3	pass	0.0	0.0	NaN	0	23	23	0	14	14	Duplication
manta	IDT-V2	bowtie2-samtools-gatk4	Réplica 3	general	0.30612244897959184	0.014641288433382138	0.02794597112249651	15	34	49	20	1346	1366	Deletion
manta	IDT-V2	bowtie2-samtools-gatk4	Réplica 3	general	0.041666666666666664	0.00234192037470726	0.004434589800443459	1	23	24	1	426	427	Duplication
manta	IDT-V2	bowtie2-samtools-gatk4	Réplica 3	pass	0.20408163265306123	0.05138339920948617	0.08209662140827281	10	39	49	13	240	253	Deletion
manta	IDT-V2	bowtie2-samtools-gatk4	Réplica 3	pass	0.041666666666666664	0.07142857142857142	0.052631578947368425	1	23	24	1	13	14	Duplication
manta	IDT-V2	bowtie2-samtools-gatk4	Réplica 4	general	0.2839506172839506	0.019765739385065886	0.03695878589495611	23	58	81	27	1339	1366	Deletion
manta	IDT-V2	bowtie2-samtools-gatk4	Réplica 4	general	0.0	0.0	NaN	0	33	33	0	427	427	Duplication
manta	IDT-V2	bowtie2-samtools-gatk4	Réplica 4	pass	0.1728395061728395	0.06324110671936758	0.09260024803637867	14	67	81	16	237	253	Deletion
manta	IDT-V2	bowtie2-samtools-gatk4	Réplica 4	pass	0.0	0.0	NaN	0	33	33	0	14	14	Duplication
manta	IDT-V2	minimap2-samtools-gatk4	Réplica 3	general	0.32098765432098764	0.024158125915080528	0.04493440519521328	26	55	81	33	1333	1366	Deletion
manta	IDT-V2	minimap2-samtools-gatk4	Réplica 3	general	0.038461538461538464	0.00234192037470726	0.004415011037527593	1	25	26	1	426	427	Duplication
manta	IDT-V2	minimap2-samtools-gatk4	Réplica 3	pass	0.16049382716049382	0.06324110671936758	0.09073064340239911	13	68	81	16	237	253	Deletion
manta	IDT-V2	minimap2-samtools-gatk4	Réplica 3	pass	0.038461538461538464	0.07142857142857142	0.05	1	25	26	1	13	14	Duplication
manta	IDT-V2	minimap2-samtools-gatk4	Réplica 4	general	0.2698412698412698	0.032210834553440704	0.05755174270985613	34	92	126	44	1322	1366	Deletion
manta	IDT-V2	minimap2-samtools-gatk4	Réplica 4	general	0.0	0.0	NaN	0	47	47	0	427	427	Duplication
manta	IDT-V2	minimap2-samtools-gatk4	Réplica 4	pass	0.11904761904761904	0.06719367588932806	0.08590197069226882	15	111	126	17	236	253	Deletion
manta	IDT-V2	minimap2-samtools-gatk4	Réplica 4	pass	0.0	0.0	NaN	0	47	47	0	14	14	Duplication
manta	IDT-V1	bowtie2-picard-gatk3	Réplica 1	general	0.5853658536585366	0.027567195037904894	0.05265467310223782	24	17	41	40	1411	1451	Deletion
manta	IDT-V1	bowtie2-picard-gatk3	Réplica 1	general	0.0	0.0	NaN	0	10	10	0	465	465	Duplication
manta	IDT-V1	bowtie2-picard-gatk3	Réplica 1	pass	0.4146341463414634	0.09602649006622517	0.1559386367230745	17	24	41	29	273	302	Deletion
manta	IDT-V1	bowtie2-picard-gatk3	Réplica 1	pass	0.0	0.0	NaN	0	10	10	0	16	16	Duplication
manta	IDT-V1	bowtie2-picard-gatk3	Réplica 2	general	0.72	0.018607856650585803	0.03627813234800134	18	7	25	27	1424	1451	Deletion
manta	IDT-V1	bowtie2-picard-gatk3	Réplica 2	general	0.0	0.0	NaN	0	7	7	0	465	465	Duplication
manta	IDT-V1	bowtie2-picard-gatk3	Réplica 2	pass	0.52	0.059602649006622516	0.10694698354661791	13	12	25	18	284	302	Deletion
manta	IDT-V1	bowtie2-picard-gatk3	Réplica 2	pass	0.0	0.0	NaN	0	7	7	0	16	16	Duplication
manta	IDT-V1	bowtie2-samtools-gatk4	Réplica 2	general	0.7307692307692307	0.019297036526533425	0.037601159133477044	19	7	26	28	1423	1451	Deletion
manta	IDT-V1	bowtie2-samtools-gatk4	Réplica 2	general	0.0	0.0	NaN	0	8	8	0	465	465	Duplication
manta	IDT-V1	bowtie2-samtools-gatk4	Réplica 2	pass	0.5384615384615384	0.06291390728476821	0.11266412537060568	14	12	26	19	283	302	Deletion
manta	IDT-V1	bowtie2-samtools-gatk4	Réplica 2	pass	0.0	0.0	NaN	0	8	8	0	16	16	Duplication
manta	IDT-V1	bowtie2-samtools-gatk4	Réplica 1	general	0.5952380952380952	0.028945554789800137	0.055206498593548724	25	17	42	42	1409	1451	Deletion
manta	IDT-V1	bowtie2-samtools-gatk4	Réplica 1	general	0.0	0.0	NaN	0	9	9	0	465	465	Duplication
manta	IDT-V1	bowtie2-samtools-gatk4	Réplica 1	pass	0.40476190476190477	0.09602649006622517	0.15522670025188917	17	25	42	29	273	302	Deletion
manta	IDT-V1	bowtie2-samtools-gatk4	Réplica 1	pass	0.0	0.0	NaN	0	9	9	0	16	16	Duplication
manta	IDT-V1	minimap2-samtools-gatk4	Réplica 2	general	0.6	0.030323914541695383	0.057730155259129674	36	24	60	44	1407	1451	Deletion
manta	IDT-V1	minimap2-samtools-gatk4	Réplica 2	general	0.0	0.0	NaN	0	9	9	0	465	465	Duplication
manta	IDT-V1	minimap2-samtools-gatk4	Réplica 2	pass	0.3333333333333333	0.0728476821192053	0.11956521739130435	20	40	60	22	280	302	Deletion
manta	IDT-V1	minimap2-samtools-gatk4	Réplica 2	pass	0.0	0.0	NaN	0	9	9	0	16	16	Duplication
manta	IDT-V1	minimap2-samtools-gatk4	Réplica 1	general	0.5714285714285714	0.043418332184700204	0.08070456365092074	40	30	70	63	1388	1451	Deletion
manta	IDT-V1	minimap2-samtools-gatk4	Réplica 1	general	0.0	0.0	NaN	0	14	14	0	465	465	Duplication
manta	IDT-V1	minimap2-samtools-gatk4	Réplica 1	pass	0.3	0.10264900662251655	0.15296052631578946	21	49	70	31	271	302	Deletion
manta	IDT-V1	minimap2-samtools-gatk4	Réplica 1	pass	0.0	0.0	NaN	0	14	14	0	16	16	Duplication
manta	ROCHE-V1	bowtie2-picard-gatk3	Réplica 5	general	0.6428571428571429	0.007386363636363636	0.01460491823742354	9	5	14	13	1747	1760	Deletion
manta	ROCHE-V1	bowtie2-picard-gatk3	Réplica 5	general	0.0	0.0	NaN	0	9	9	0	527	527	Duplication
manta	ROCHE-V1	bowtie2-picard-gatk3	Réplica 5	pass	0.2857142857142857	0.0189873417721519	0.03560830860534125	4	10	14	6	310	316	Deletion
manta	ROCHE-V1	bowtie2-picard-gatk3	Réplica 5	pass	0.0	0.0	NaN	0	9	9	0	15	15	Duplication
manta	ROCHE-V1	bowtie2-samtools-gatk4	Réplica 5	general	0.5833333333333334	0.00625	0.01236749116607774	7	5	12	11	1749	1760	Deletion
manta	ROCHE-V1	bowtie2-samtools-gatk4	Réplica 5	general	0.0	0.0	NaN	0	8	8	0	527	527	Duplication
manta	ROCHE-V1	bowtie2-samtools-gatk4	Réplica 5	pass	0.3333333333333333	0.0189873417721519	0.035928143712574856	4	8	12	6	310	316	Deletion
manta	ROCHE-V1	bowtie2-samtools-gatk4	Réplica 5	pass	0.0	0.0	NaN	0	8	8	0	15	15	Duplication
manta	ROCHE-V1	minimap2-samtools-gatk4	Réplica 5	general	0.49019607843137253	0.016477272727272726	0.03188284702829877	25	26	51	29	1731	1760	Deletion
manta	ROCHE-V1	minimap2-samtools-gatk4	Réplica 5	general	0.0	0.0	NaN	0	15	15	0	527	527	Duplication
manta	ROCHE-V1	minimap2-samtools-gatk4	Réplica 5	pass	0.27450980392156865	0.04746835443037975	0.08094045095394102	14	37	51	15	301	316	Deletion
manta	ROCHE-V1	minimap2-samtools-gatk4	Réplica 5	pass	0.0	0.0	NaN	0	15	15	0	15	15	Duplication
